Vendor SKU,Category,Center Stone Type,Center Stone Shape,Center Stone Color,# of Center Stones,Center Stone Measurements,Center Stone Weight,Total Diamond Weight,# of side Diamonds,Color of Side diamonds,Clarity of Side diamonds,# of Pave Diamonds,Color of Pave diamonds,Clarity of Pave Diamonds,Metal,Ring Size,Item Name,R2Net Cost,Suggested Retail,Shank Width in MM,Shank Height,Image Name,Long Description
RZMIXEM1,RG,Emerald,,Green,0,,0.00,0.00,0,,,0,,,,,,0.00,0.00,0.00,0.00,emerald_rings.jpg,EMERALD RINGS
R2C15611AM,RG,Amethyst,Emerald Cut,Purple,1,,10.30,0.97,0,,SI1,72,GH,SI1,14K ROSE,4 3/4,"""Alice""Ring",3500.00,7000.00,3.00,6.00,R2C15611AM.jpg,Amethyst 10.30ct. Dia 0.97ct 14KR
B431E10,TNSB,Emerald,Oval,Green,25,,3.64,0.42,0,,SI1,25,GH,SI1,14KTT,,,1995.00,3990.00,0.00,0.00,B431E.jpg,EME 3.64. D.42
B4321E47,TNSB,Emerald,Oval,Green,29,,4.59,0.70,0,,SI1,58,GH,SI1,14KTT,,,3000.00,6000.00,0.00,0.00,B4321E47.jpg,Eme 29/4.59ct. Dia 0.70ct. 14KTT
B4338S1,TNSB,Sapphire,Oval,Blue,12,,3.30,0.68,0,,SI1,24,GH,SI1,14KW,,,1495.00,2990.00,0.00,0.00,B4338S.JPG,SA 3.30. D.68. 14KW
GCP1253,ERNG,Blue Zircon,Oval,Blue,2,,12.52,0.92,0,,SI1,72,GH,SI1,14KW,,,5000.00,10000.00,0.00,0.00,GCP1253.jpg,B.ZIRC 12.52.P.TRM.94.D.92.14KW
B431S49,TNSB,Sapphire,Oval,Blue,25,,5.93,0.40,0,,SI1,25,GH,SI1,14KW,,,1800.00,3600.00,0.00,0.00,B431S.jpg,SA 5.93. D.40. 14KW
B431S46,TNSB,Sapphire,Oval,Blue,25,,5.84,0.43,0,,,25,,,14KW,,,1800.00,3600.00,0.00,0.00,B431S.jpg,SA 5.84. D.43. 14KW
GMG1157,ERNG,Morganite,PS,,2,,11.57,4.20,0,,SI1,358,GH,SI1,18KP,,,10750.00,21500.00,0.00,0.00,gmg1157.jpg,MORGANITE 2/11.57CT. DIA RD. 358/4.20CT. 18P
BCR2,TNSB,Multi Color,MIX,Nulti,17,,22.64,1.74,0,,,17,,,18KTT,,,12000.00,24000.00,0.00,0.00,BCR2.JPG,RB SAP 22.64 DIA 1.74. 2T18K
PPS3R,PDT,Sapphire,Oval,Blue,41,,6.39,0.41,0,SI1,SI1,46,GH,SI1,18KTT,,,1850.00,3700.00,0.00,0.00,pps3r.JPG,18K Two Tone Micro Pave Pendant 5.09ct Oval Blue Sapphire. 1.30ct Round Pink Sapphire D.41
BPC9366,TNSB,Sapphire,Round,Blue,19,,8.50,2.00,0,,SI1,76,GH,SI1,18KTT,,,4750.00,9500.00,0.00,0.00,BPC9366.jpg,Sapphire 8.50ct. Diamond 2.00ct. 18KTT
GPS3R,ERNG,Sapphire,MIX,Nulti,82,,9.31,0.76,0,SI1,SI1,92,GH,SI1,18KTT,,,3500.00,7000.00,0.00,0.00,gps3r.JPG,18K Two Tone Micro Pave Earring  7.00ct Oval Blue Sapphire. 2.31ct Round Pink Sapphire D.76
B1159R5,TNSB,Ruby,Square,Red,48,,4.75,1.55,0,,,135,,,18KTT,,,5500.00,11000.00,0.00,0.00,B1159R.JPG,RUBY 4.75. DIA 1.55. 2T18K
GCC65E,ERNG,Emerald,Round,Green,2,6.5,2.11,0.70,0,SI1,SI1,114,GH,SI1,18KTT,,,3250.00,6500.00,0.00,0.00,GCC65E.JPG,18K Two Tone Micro Pave Earring 2.11ct Round Emerald D.70
B43XM22,TNSB,Multi Color,Oval,Nulti,27,,5.65,1.91,0,,,135,,,18KTT,,,4000.00,8000.00,0.00,0.00,B43XM.JPG,RB SAP 5.65. D 1.91. 2T18K
B54XE21,TNSB,Emerald,Oval,Green,21,,6.57,2.01,0,,SI1,105,GH,SI1,18KTT,,,6750.00,13500.00,0.00,0.00,B54XE.jpg,EME 6.57.D2.01. 18KTT
PF175E65,PDT,Emerald,Oval,Green,1,7x5,0.65,0.35,0,SI1,SI1,61,GH,SI1,18KTT,,,1400.00,2800.00,0.00,0.00,PF175E.JPG,18K Two Tone Gold Fraim Micro Pave Pendant 0.65ct Oval Emerald D.35
RHF659,RG,Tanzanite,Cushion,Purple,1,10.6x10.5,6.59,1.02,2,SI1,SI1,24,GH,SI1,18KTT,6.5,"""Hebe"" Ring",7250.00,14500.00,2.60,1.80,RHF659.JPG,18K Two Tone Three Stone Halo Ring 6.59ct Cushion Tanzanite HM.53 D.49
R2WF1394,RG,Tanzanite,Oval,Purple,1,13.1x9.4,5.37,0.82,2,SI1,SI1,98,GH,SI1,18KTT,6.5,"""Camilla" Ring",4750.00,9500.00,2.90,1.80,R2WF1394.JPG,18K Two Tone Three Stone Double Halo Ring 5.37ct Oval Tanzanite HM.32 RD.50
RCY55,RG,Emerald,Round,Green,1,,0.60,0.44,0,,SI1,38,GH,SI1,18KTT,6.5,,1650.00,3300.00,0.00,0.00,rcy55.jpg,EMERALD 0.60CT. DIA 0.44CT. 18KTT
BPC7683,TNSB,Sapphire,Square,Blue,0,,4.30,0.62,0,,SI1,50,GH,SI1,18KTT,,,4250.00,8500.00,0.00,0.00,BPC7683.jpg,Sapphire 4.30ct. Dia 50/0.62 18K TT
GF247E,ERNG,Emerald,Cushion,Green,4,,2.47,0.89,2,SI1,SI1,64,GH,SI1,18KTT,,,4750.00,9500.00,0.00,0.00,gf247e.jpg,EMERALD 4/2.47CT. F. DIA 2/0.34CT. RD DIA 64/0.55CT. 18TT
PF3H327,PDT,Sapphire,Heart Shape,Blue,1,,3.27,0.50,0,SI1,SI1,77,GH,SI1,18KTT,,,7500.00,15000.00,0.00,0.00,PF3H327.JPG,18K Two Tone Frame Micro Pave Pendant 3.27ct Heart Blue Sapphire D.50
PF3576,PDT,Sapphire,,,3,,5.76,0.70,0,,SI1,152,GH,SI1,18KTT,,,6000.00,12000.00,0.00,0.00,PF3576.jpg,SA. P1.29. B.52. Y3.95. D152/.70. 18KTT
R8H11588Y,RG,Y. Sapphire,,Yellow,1,,5.66,0.86,0,SI1,SI1,160,GH,SI1,18KTT,6.5,,3250.00,6500.00,3.50,0.00,R8H11588Y.jpg,18K Two Tone Double Halo Twisted Shank Ring 5.66ct Cushion Cut Yellow Sapphire D.86
RJF893T,RG,Tanzanite,EC,Blue,1,,8.93,1.32,0,,SI1,216,GH,SI1,18KTT,,,7950.00,15900.00,0.00,0.00,rjf893t.jpg,Tanzanite 8.93ct. Dia 216/1.32ct. 18KTT
RJD60S,RG,Sapphire,Round,Blue,1,6,1.13,0.54,0,,,124,,,18KTT,6.5,"""Psyche"" Ring",2125.00,4250.00,1.50,2.10,RJD60S.jpg,18K Two Tone Split Shank Halo Ring 1.13ct Round Blue Sapphire D.54
RPC608P,RG,P. Sapphire,Oval,Pink,1,,6.08,1.00,0,,SI1,26,GH,SI1,18KTT,6.5,"""Cecilia""Ring",6250.00,12500.00,3.00,2.80,RPC608P.jpg,Pink Sapphire 6.08ct. Dia 26/1.00ct. 18K Two Tone Gold
GF323E,ERNG,Emerald,Cushion,Green,6,,3.23,1.97,8,SI1,SI1,96,GH,SI1,18KTT,,,7750.00,15500.00,0.00,0.00,gf323e.jpg,EME 6/3.23ct. DIA A 2/0.40ct. 2/0.25ct. F. DIA 4/0.65ct. RD DIA 96/0.67ct. 2TT
R75105E5,RG,Emerald,Oval,Green,1,7x5,0.84,0.53,0,SI1,SI1,10,GH,SI1,18KTT,6.5,"""Camilla"" Ring",1700.00,3400.00,2.00,2.70,R75105E.jpg,18K Two Tone Cluster Ring 0.84ct Oval Emerald D.53
N7524M,NL,Multi Color,Oval,Nulti,43,,46.01,3.94,0,,SI1,86,GH,SI1,18KTT,,,14500.00,29000.00,0.00,0.00,N7524M.jpg,RB SAP 46.01. D3.94. 18KW
RHF153,RG,Emerald,Cushion,Green,1,7.1x7,1.53,0.53,2,SI1,SI1,36,GH,SI1,18KTT,6.5,"""Nora"" Ring",2375.00,4750.00,1.60,2.90,RHF153.JPG,18K Two Tone Three Stone Halo Ring 1.53ct Cushion Emerald HM.25 RD.28
RHF86Y3,RG,Yellow Sapphire,Oval,Yellow,1,8x6.2,1.49,0.46,2,SI1,SI1,58,GH,SI1,18KTT,6.5,"""Tilly"" Ring",1250.00,2500.00,1.40,2.30,RHF86Y.jpg,18K Two Tone Three Stone Halo Ring 1.49ct Oval Yellow Sapphire HM.18 RD.28
RHF541,RG,Yellow Sapphire,Radiant,Yellow,1,9.3x9.1,5.41,0.58,2,SI1,SI1,40,GH,SI1,18KTT,6.5,"""Evadne"" Ring",3200.00,6400.00,1.30,2.90,RHF541.jpg,18K Two Tone Three Stone Halo Ring 5.41ct Radiant Yellow Sapphire TRP.25 RD.33
R8H9195Y,RG,Yellow Sapphire,Emerald Cut,Yellow,1,9.6x9x5,6.26,0.73,0,SI1,SI1,156,GH,SI1,18KTT,6.5,"""Alcippe"" Ring",4500.00,9000.00,2.10,3.70,R8H9195Y.jpg,18K Two Tone Double Halo Twisted Shank Ring 6.26ct Emerald Cut Yellow Sapphire D.73
RHF298,RG,Yellow Sapphire,Oval,Yellow,1,,2.98,0.82,2,SI1,SI1,36,GH,SI1,18KTT,6.5,"""Electra"" Ring",2100.00,4200.00,2.90,1.60,RHF298.jpg,18K Two Tone Three Stone Halo Ring 2.98ct Oval Yellow Sapphire HM.28 RD.54
RJF536T,RG,Tanzanite,EC,Blue,1,,5.36,1.06,0,,SI1,206,GH,SI1,18KTT,,,4900.00,9800.00,2.00,5.00,rjf536t.jpg,Tanzanite 5.36ct. Dia 206/1.06ct. 18TT
RHF471,RG,Emerald,Oval,Green,1,12.6x8.8,4.71,0.85,2,SI1,SI1,58,GH,SI1,18KTT,6.5,"""Euterpe"" Ring",13750.00,27500.00,1.60,3.10,RHF471.jpg,18K Two Tone Three Stone Halo Ring 4.71ct Oval Emerald HM.47 RD.38
RJF185E,RG,Emerald,EC,Green,0,,0.00,0.00,0,,,0,,,18KTT,,,5250.00,10500.00,0.00,0.00,rjf185e.jpg,EMERALD 1.85CT. DIA 120/0.52CT. 18TT
RHF95E,RG,Emerald,CC,Green,1,,0.95,0.45,2,SI1,SI1,32,GH,SI1,18KTT,6.5,"""Maipu"" Ring",2850.00,5700.00,2.80,3.60,rhf95e.jpg,18K Two Tone Three Stone Halo Ring 0.95ct Cushion Emerald HM.21 RD.24
RHM196,RG,Ruby,Oval,Red,1,7.9x7.1,1.96,0.30,2,SI1,SI1,0,GH,SI1,18KTT,6.5,"""Iole"" Ring",8500.00,17000.00,3.90,1.70,rhm196.JPG,18K Two Tone Three Stone Ring 1.96ct Oval Ruby HM.30
R86100S2,RG,Sapphire,Oval,Blue,1,,1.94,1.08,0,,SI1,10,GH,SI1,18KTT,6.5,"""Chicureo"" Ring",3000.00,6000.00,2.60,3.50,R86100S.jpg,SA 1.94. D1.08. 2T18K
RF276PB,RG,Paraiba,Oval,Blue,1,,2.76,0.49,0,,SI1,80,GH,SI1,18KTT,6.5,"""Punta Cana"" Ring",26000.00,52000.00,0.00,0.00,RF276PB.jpg,PAR 2.76.P.TRM1.35.D.49
NFP707,NL,Pink Sapphire,PS,Pink,1,,7.07,6.29,74,,,67,,,18KTT,,,50000.00,100000.00,0.00,0.00,nfp707.jpg,P.SAPPHIRE 7.07CT. F DIA 5.36CT. DIA 0.93CT. 18TT
GFL43R200R2,ERNG,Ruby,Oval,Red,10,4x3,2.02,0.45,0,SI1,SI1,62,GH,SI1,18KW,,,1250.00,2500.00,0.00,0.00,gfl43r200r.JPG,18K White Gold Flower Earring 2.02ct Oval Ruby D.45
GF517,ERNG,Sapphire,Emerald Cut,Blue,2,9.3x7,5.17,1.09,2,SI1,SI1,50,GH,SI1,18KW,,,6250.00,12500.00,0.00,0.00,GF517.JPG,18K White Gold Fancy Micro Pave Earring 5.17ct Emerald Cut Blue Sapphire F.62 RD.47
B352BS14,TNSB,Sapphire,Round,Blue,25,,4.35,0.95,0,SI1,SI1,50,GH,SI1,18KW,,,3275.00,6550.00,0.00,0.00,B352B.jpg,Sap 25/4.35ct. Dia Bag 50/0.95ct. 18KW
NP435R,NL,Ruby,PS,Red,0,,0.00,0.00,0,,,0,,,18KW,,,9000.00,18000.00,0.00,0.00,,RUBY 4.35. D3.00. 18KW
GM45R85,ERNG,Ruby,Round,Red,2,,0.85,0.22,0,,SI1,0,GH,SI1,18KW,,,675.00,1350.00,0.00,0.00,GM45R.jpg,18K White Gold Micro Pave Earring 0.85ct Round Ruby D.22
GPM1060,ERNG,Ruby,PS,Red,14,,3.27,1.18,0,,SI1,0,GH,SI1,18KW,,,4950.00,9900.00,0.00,0.00,GPM1060.jpg,Ruby 3.27ct. Dia 1.18ct 18K White Gold
NPC3805,NL,Sapphire,Round,Blue,53,,38.05,4.50,0,,SI1,0,GH,SI1,18KW,,,37500.00,75000.00,0.00,0.00,,Sapphire 53/38.05ct. Dia 4.50ct. 18K WG
NP1865,NL,Sapphire,Marquise,Blue,26,,18.65,6.30,0,,SI1,0,GH,SI1,18KW,,,17500.00,35000.00,0.00,0.00,NP1865.jpg,Sap 26/18.65ct. Dia 6.30ct. 18KW
NP1151,NL,Sapphire,Oval,Blue,28,,11.51,9.63,0,,SI1,0,GH,SI1,18KW,,,15250.00,30500.00,0.00,0.00,NP1151.jpg,Sap 28/11.51ct. Dia 9.63ct. 18KW
RPC86123S,RG,Sapphire,Oval,Blue,1,,1.78,0.40,0,,SI1,12,GH,SI1,18KW,6.5,,2500.00,5000.00,2.80,2.00,RPC86123S.jpg,Sapp 1.78ct. Dia12/ 0.40ct 18KW
G64103R100,ERNG,Ruby,Oval,Red,2,,1.00,0.60,0,,SI1,20,GH,SI1,18KW,,,1475.00,2950.00,0.00,0.00,G64103R.jpg,18K White Gold Cluster Earring 1.00ct Oval Ruby D.60
GY86S331,ERNG,Sapphire,Oval,Blue,2,,3.31,0.90,0,,SI1,24,GH,SI1,18KW,,,3750.00,7500.00,0.00,0.00,GY86S331.jpg,SAP 3.31.D.90
GF346R,ERNG,Ruby,Oval,Red,2,,3.46,0.46,0,,SI1,40,GH,SI1,18KW,,,10500.00,21000.00,7.20,8.20,gf346r.JPG,18K White Gold Milgrain Micro Pave Halo Earring 3.46ct Oval Ruby D.46
NF816R,NL,Ruby,Heart Shape,Red,1,,8.16,0.80,0,,SI1,42,GH,SI1,18KW,,,20000.00,40000.00,0.00,0.00,NF816R.jpg,RUBY 8.16. D.80
GC810RV,ERNG,Ruby,,Red,4,,8.10,4.90,12,SI1,SI1,36,GH,SI1,18KW,,,24000.00,48000.00,0.00,0.00,,
PF3H130,PDT,Sapphire,Heart Shape,Blue,1,,1.30,0.37,0,SI1,SI1,59,GH,SI1,18KW,,,1750.00,3500.00,0.00,0.00,PF3H.JPG,18K White Gold Fraim Micro Pave Pendant 1.30ct Heart Blue Sapphire D.37
PCP1240,PDT,Blue Zircon,Cushion,Blue,1,,12.40,1.08,0,,SI1,110,GH,SI1,18KW,,,6950.00,13900.00,0.00,0.00,PCP1240.jpg,B.ZRC 12.40.P.TRM .90.D1.08
PCP965,PDT,Tourmaline,PS,Pink,1,,9.65,0.95,0,,SI1,122,GH,SI1,18KW,,,4500.00,9000.00,0.00,0.00,PCP965.jpg,P.TRM 9.65. B.ZRC 4.06.D.95
B1159R2,TNSB,Ruby,Square,Red,48,,4.42,1.55,0,,SI1,135,GH,SI1,18KW,,,5500.00,11000.00,0.00,0.00,B1159R.JPG,RUBY 48/4.42 DIA 1.55. 18KW
NF640PB,NL,Paraiba,PS,Blue,1,,6.40,1.33,0,SI1,SI1,143,GH,SI1,18KW,,,3750.00,7500.00,0.00,0.00,NF640PB.jpg,PARA 6.40.P.TRM 1.72.D1.33
P4317S,PDT,Sapphire,Oval,Blue,17,,3.75,0.75,0,SI1,SI1,146,GH,SI1,18KW,,,2100.00,4200.00,0.00,0.00,p4317s.JPG,18K White Gold Micro Pave Pendant 3.75ct Oval Blue Sapphire D.75
GF3627E,ERNG,Emerald,PS,Green,2,,63.85,1.72,0,,SI1,176,GH,SI1,18KW,,,5000.00,10000.00,0.00,0.00,GF3627E.jpg,Emerald 2/63.85ct. Pink Tourmaline 4/3.13ct. Dia 176/1.72ct. 18K White Gold
GCP1313,ERNG,Blue Zircon,Cushion,Blue,1,,13.13,1.66,0,,SI1,188,D,SI1,18KW,,,6750.00,13500.00,0.00,0.00,GCP1313.jpg,B.ZRC 13.13.P.TRM 1.43.D1.66
N754QS2,NL,Sapphire,Oval,Blue,13,,4.57,1.53,0,,,196,,,18KW,,,5750.00,11500.00,0.00,0.00,N754QS.JPG,SA 4.57. D1.53. 18KW
GPB231,ERNG,Paraiba,PS,Blue,2,,2.31,1.35,0,,SI1,216,GH,SI1,18KW,,,12000.00,24000.00,0.00,0.00,GPB231.jpg,PARAIBA 2.31.P.TRM1.49.D1.35
GPA3484,ERNG,Paraiba,Oval,Blue,2,,34.84,1.93,0,SI1,SI1,226,GH,SI1,18KW,,,8500.00,17000.00,0.00,0.00,GPA3484.jpg,PAR 34.84.PINK T.1.57.D.1.93. 18K
N457HS16,NL,Sapphire,Oval,Blue,17,,6.10,1.90,0,,SI1,240,GH,SI1,18KW,,,5000.00,10000.00,0.00,0.00,n457hs.JPG,SAP 6.10. D1.90. 18KW
N457HE7,NL,Emerald,Oval,Green,17,,4.13,2.12,0,,SI1,240,GH,SI1,18KW,,,6500.00,13000.00,0.00,0.00,N457HE.jpg,EME 4.13. D2.12. 18KW
B5481S,TNSB,Sapphire,Oval,Blue,12,,5.57,2.46,0,,SI1,300,GH,SI1,18KW,,,5900.00,11800.00,0.00,0.00,B5481S.jpg,SAP 5.57.D2.46
BCA75E4,TNSB,Emerald,Oval,Green,11,,8.48,4.30,11,SI1,SI1,418,GH,SI1,18KW,,,18000.00,36000.00,0.00,0.00,bca75e.JPG,EME 8.48. A1.79. D2.51 18KW
NPC1800,NL,Sapphire,Oval,Blue,31,,18.00,3.10,0,,SI1,431,GH,SI1,18KW,,,18000.00,36000.00,0.00,0.00,NPC1800.jpg,SAP 18.00. D3.10. 18KW
N457R11,NL,Ruby,Oval,Red,40,,10.00,4.35,0,,,538,,,18KW,,,8750.00,17500.00,0.00,0.00,N457R.jpg,RUBY 10.00. D4.35. 18KW
N1112S1,NL,Sapphire,Round,Blue,27,,9.63,8.61,0,,SI1,936,GH,SI1,18KW,,,15000.00,30000.00,0.00,0.00,N1112S.jpg,SAP 9.63 D. 8.61. 18KW
BR25E3,TNSB,Emerald,Round,Green,42,,2.15,0.47,0,,,7,,,18KW,,,2475.00,4950.00,0.00,0.00,br25e.JPG,EME 2.15. D.47 18KW
FTR12060,STU,Ruby,Round,Red,2,,0.60,0.00,0,,,0,,,18KW,,,200.00,400.00,0.00,0.00,ftr16090.JPG,RUBY 0.60. 18K
G4082R55,ERNG,Ruby,Round,Red,2,4.00,0.55,0.31,0,SI1,SI1,16,GH,SI1,18KW,,,725.00,1450.00,0.00,0.00,G4082R.JPG,18K White Gold Cluster Earring 0.55ct Round Ruby D.31
G4082R65,ERNG,Ruby,Round,Red,2,4.00,0.65,0.33,0,SI1,SI1,16,GH,SI1,18KW,,,725.00,1450.00,0.00,0.00,G4082R.JPG,18K White Gold Cluster Earring 0.65ct Round Ruby D.33
BC42R12,TNSB,Ruby,Round,Red,12,,4.15,2.88,0,,,264,,,18KW,,,5875.00,11750.00,0.00,0.00,BC42R.JPG,RUBY 4.15. D 2.88. 18KW
G4516R95,ERNG,Ruby,Round,Red,2,4.5,0.95,0.35,0,SI1,SI1,24,GH,SI1,18KW,,,900.00,1800.00,0.00,0.00,G4516R.JPG,18K White Gold Halo Earring 0.95ct Round Ruby D.35
GM45R70,ERNG,Ruby,Round,Red,2,4.5,0.70,0.21,0,SI1,SI1,32,GH,SI1,18KW,,,675.00,1350.00,0.00,0.00,GM45R.JPG,18K White Gold Micro Pave Earring 0.70ct Round Ruby D.21
NM45S6,NL,Sapphire,Round,Blue,17,,6.65,1.80,0,,SI1,272,GH,SI1,18KW,,,6000.00,12000.00,0.00,0.00,NM45S.JPG,SAP 6.65 D 1.80. 18KW
NMD45R,NL,Ruby,Round,Red,11,,5.23,1.75,0,,,284,,,18KW,,,6495.00,12990.00,0.00,0.00,NMD45R.JPG,RUBY 5.23 D 1.75. 18KW
NMD45S2,NL,Sapphire,Round,Blue,11,,4.00,1.83,0,,,284,,,18KW,,,6495.00,12990.00,0.00,0.00,NMD45S.JPG,SAP 4.00. D 1.83. 18KW
NMD45E3,NL,Emerald,Round,Green,11,,3.20,1.97,0,,SI1,284,GH,SI1,18KW,,,6495.00,12990.00,0.00,0.00,NMD45E.JPG,EME 3.20.D.1.97. 18KW
BMD45R,TNSB,Ruby,Round,Red,13,,3.96,2.23,0,,SI1,325,GH,SI1,18KW,,,4995.00,9990.00,0.00,0.00,BMD45R.JPG,RUBY 3.96 D 2.23. 18KW
BM45S29,TNSB,Sapphire,Round,Blue,22,,7.98,2.21,0,,,352,,,18KW,,,6495.00,12990.00,0.00,0.00,BM45S.JPG,SAP 7.98 D 2.21. 18KW
BM45S31,TNSB,Sapphire,Round,Blue,22,,8.96,2.21,0,,,352,,,18KW,,,6495.00,12990.00,0.00,0.00,BM45S.JPG,SAP 8.96. D2.21. 18KW
GM47S105,ERNG,Sapphire,Round,Blue,2,4.7,1.05,0.60,0,SI1,SI1,24,GH,SI1,18KW,,,1450.00,2900.00,0.00,0.00,GM47S.JPG,18K White Gold Micro Pave Earring 1.05ct Round Blue Sapphire D.60
NR50E5,NL,Emerald,Round,Green,11,,3.12,1.30,0,,SI1,180,GH,SI1,18KW,,,5975.00,11950.00,0.00,0.00,NR50E.JPG,EME 3.12. D1.30. 18KW
NR50R8,NL,Ruby,Round,Red,11,,4.49,1.30,0,,,180,,,18KW,,,4995.00,9990.00,0.00,0.00,NR50R.JPG,RUBY 4.49. D1.30. 18KW
FTR12055,STU,Ruby,Round,Red,2,,0.55,0.00,0,,,0,,,18KW,,,200.00,400.00,0.00,0.00,ftr16090.JPG,RUBY 0.55. 18K
FTR16085,STU,Ruby,Round,Red,2,,0.85,0.00,0,,,0,,,18KW,,,250.00,500.00,0.00,0.00,ftr16090.JPG,RUBY 0.85. 18K
G6024S170,ERNG,Sapphire,Round,Blue,2,,1.70,0.26,0,,SI1,24,GH,SI1,18KW,,,2500.00,5000.00,0.00,0.00,G6024S.jpg,18K White Gold Micro Pave Earring 1.70ct Round Sapphire D.26
R8H60R1,RG,Ruby,Round,Red,1,,1.04,0.77,0,SI1,SI1,94,GH,SI1,18KW,6.5,"""Aglaia"" Ring",2750.00,5500.00,2.20,3.70,R8H60R.jpg,18K White Gold Double Halo Twisted Shank Ring 1.04ct Round Ruby D.77
G91S,ERNG,Sapphire,Round,Blue,20,2.5,0.75,0.48,0,SI1,SI1,46,GH,SI1,18KW,,,950.00,1900.00,0.00,0.00,G91S.JPG,18K White Gold Level Back Micro Pave Earring 0.75ct Round Blue Sapphire D.48
PMB40S30,PDT,Sapphire,Round,Blue,1,4.00,0.30,0.20,0,SI1,SI1,8,GH,SI1,18KW,,,445.00,890.00,0.00,0.00,PMB40S.JPG,18K White Gold Halo Pendant 0.30ct Round Blue Sapphire D.20
P543E85,PDT,Emerald,Oval,Green,5,4x3,0.85,0.27,0,SI1,SI1,9,GH,SI1,18KW,,,725.00,1450.00,0.00,0.00,P543E.JPG,18K White Gold Flower Pendant 0.85ct Oval Emerald D.27
PFL43E80,PDT,Emerald,Oval,Green,5,4x3,0.80,0.25,0,SI1,SI1,36,GH,SI1,18KW,,,850.00,1700.00,0.00,0.00,pfl43e.JPG,18K White Gold Flower Pendant 0.80ct Oval Emerald D.25
PFL43R115,PDT,Ruby,Oval,Red,5,4x3,1.15,0.25,0,SI1,SI1,36,GH,SI1,18KW,,,650.00,1300.00,0.00,0.00,pfl43r.JPG,18K White Gold Flower Pendant 1.15ct Oval Ruby D.25
GFL43E1,ERNG,Emerald,Oval,Green,10,4x3,1.34,0.45,0,SI1,SI1,62,GH,SI1,18KW,,,1500.00,3000.00,0.00,0.00,GFL43E.JPG,18K White Gold Flower Earring 1.34ct Oval Emerald D.45
B436CS52,TNSB,Sapphire,Oval,Blue,20,,4.67,1.68,0,,,120,,,18KW,,,4000.00,8000.00,0.00,0.00,B436CS.JPG,SA 4.67. D.1.68. 18KW
B436CR32,TNSB,Ruby,Oval,Red,20,,3.85,1.74,0,,SI1,120,GH,SI1,18KW,,,4500.00,9000.00,0.00,0.00,B436C.JPG,RUBY 3.85. DIA 1.74. 18KW
B43XE27,TNSB,Emerald,Oval,Green,27,,4.28,1.84,0,,SI1,135,GH,SI1,18KW,,,5375.00,10750.00,0.00,0.00,b43xe.JPG,EME 4.28. D.1.84. 18KW
N438R5,NL,Ruby,Oval,Red,9,,2.42,1.28,0,,,208,,,18KW,,,4000.00,8000.00,0.00,0.00,N438R.JPG,RUBY 2.42. D 1.28. 18KW
N438E5,NL,Emerald,Oval,Green,9,,1.47,1.32,0,,,208,,,18KW,,,3750.00,7500.00,0.00,0.00,N438E.JPG,EME 1.47 D 1.32. 18KW
B438R1,TNSB,Ruby,Oval,Red,13,,2.98,2.64,0,,,260,,,18KW,,,4750.00,9500.00,0.00,0.00,B438R.JPG,RUBY 2.98. D.2.64. 18KW
B465S78,TNSB,Sapphire,Round,Blue,25,,10.98,1.28,0,,SI1,25,GH,SI1,18KW,,,5450.00,10900.00,0.00,0.00,B465S.JPG,SAP 10.98. D1.28. 18KW
PM47P,PDT,P. Sapphire,Round,Pink,1,,0.53,0.33,0,,SI1,0,GH,SI1,18KW,,,600.00,1200.00,0.00,0.00,PM47P.jpg,Pink Sapphire 0.53ct. Dia 0.33ct. 18K White Gold
G4516E65,ERNG,Emerald,Round,Green,2,4.5,0.65,0.35,0,,,24,,,18KW,,,1175.00,2350.00,0.00,0.00,G4516E.JPG,18K White Gold Halo Earring 0.65ct Round Emerald D.35
GF45S,ERNG,Sapphire,Round,Blue,2,4.5,0.86,0.46,0,SI1,SI1,34,GH,SI1,18KW,,,1150.00,2300.00,0.00,0.00,gf45s.JPG,18K White Gold Micro Pave Earring 0.86ct Round Blue Sapphire D.46
BM45R15,TNSB,Ruby,Round,Red,22,,8.40,2.03,0,,SI1,352,GH,SI1,18KW,,,6495.00,12990.00,0.00,0.00,BM45R.jpg,RUBY 8.40 D.2.03. 18KW
PF1H47S55,PDT,Sapphire,Round,Blue,1,4.7,0.55,0.37,0,SI1,SI1,59,GH,SI1,18KW,,,1150.00,2300.00,0.00,0.00,PF1H47S.JPG,18K White Gold Fraim Micro Pave Pendant 0.55ct Round Blue Sapphire D.37
P50103R1,PDT,Ruby,Round,Red,1,5.00,0.59,0.23,0,SI1,SI1,13,GH,SI1,18KW,,,750.00,1500.00,0.00,0.00,P50103R.JPG,18K White Gold Cluster Pendant 0.59ct Round Ruby D.23
P50103S62,PDT,Sapphire,Round,Blue,1,,0.62,0.35,0,,SI1,13,GH,SI1,18KW,,,750.00,1500.00,0.00,0.00,P50103S.jpg,SAP 0.62. D.35. 18KW
B542BR13,TNSB,Ruby,Oval,Red,24,,7.51,0.84,0,,,20,,,18KW,,,4000.00,8000.00,0.00,0.00,b542br.JPG,RUBY 7.51. D.84. 18KW
GMB54R90,ERNG,Ruby,Oval,Red,2,5x4,0.90,0.36,0,SI1,SI1,28,GH,SI1,18KW,,,925.00,1850.00,0.00,0.00,GMB54R.JPG,18K White Gold Halo Earring 0.90ct Oval Ruby D.36
B542BT,TNSB,Tanzanite,Oval,,22,,8.14,0.78,0,,SI1,40,GH,SI1,18KW,,,3250.00,6500.00,0.00,0.00,B542BT.jpg,TANZ 8.14. BAG D.78. 18KW
B5422S57,TNSB,Sapphire,Oval,Blue,24,,9.61,1.39,0,,,48,,,18KW,,,4500.00,9000.00,0.00,0.00,b5422s.JPG,SAP 9.61. D1.39. 18KW
N54XR27,NL,Ruby,Oval,Red,17,,7.00,1.28,0,,SI1,90,GH,SI1,18KW,,,6000.00,12000.00,0.00,0.00,N54XR.jpg,RUBY 7.00. D1.28. 18KW
N546CE20,NL,Emerald,Oval,Green,15,,4.65,2.09,0,,SI1,96,GH,SI1,18KW,,,8000.00,16000.00,0.00,0.00,N546CE.JPG,EME 4.65 D.96/2.09. 18KW
N546CS24,NL,Sapphire,Oval,Blue,15,,7.05,2.10,0,,SI1,96,GH,SI1,18KW,,,6625.00,13250.00,0.00,0.00,N546CS.JPG,SAP 15/7.05 DIA 2.10. 18KW
B54XS77,TNSB,Sapphire,Oval,Blue,21,,10.64,2.05,0,,,105,,,18KW,,,4995.00,9990.00,0.00,0.00,B54X.JPG,SAP 10.64 D 2.05. 18KW
B54XR56,TNSB,Ruby,Oval,Red,21,,8.54,2.18,0,,SI1,105,GH,SI1,18KW,,,5500.00,11000.00,0.00,0.00,B54XR.JPG,RUBY 8.54 D 2.18. 18KW
B546CS47,TNSB,Sapphire,Oval,Blue,18,,8.78,2.21,0,,,108,,,18KW,,,5375.00,10750.00,0.00,0.00,B546CS.JPG,SAP 8.78 DIA 2.21. 18KW
B546CS11,TNSB,Sapphire,Oval,Blue,18,,8.15,2.24,0,,,108,,,18KW,,,5375.00,10750.00,0.00,0.00,B546CS.JPG,SAP 8.15 DIA 2.24. 18KW
NMB54S,NL,Sapphire,Oval,Blue,11,,5.32,1.47,0,,,166,,,18KW,,,6495.00,12990.00,0.00,0.00,NMB54S.JPG,SAP 5.32. D 1.47. 18KW
N544E6,NL,Emerald,Oval,Green,11,,3.69,1.33,0,,SI1,180,GH,SI1,18KW,,,6495.00,12990.00,0.00,0.00,N544E.JPG,EM 11/3.69. D.180/1.33. 18KW
N544S24,NL,Sapphire,Oval,Blue,11,,3.60,1.79,0,,SI1,180,GH,SI1,18KW,,,4625.00,9250.00,0.00,0.00,N544S.JPG,SAP 3.60 D 1.79. 18KW
N548M5,NL,Multi Color,Oval,Nulti,9,,4.74,3.52,0,,,190,,,18KW,,,6250.00,12500.00,0.00,0.00,N548M.JPG,RB SAP 9/4.74 DIA 3.52. 18KW
B548R8,TNSB,Ruby,Oval,Red,11,,4.58,3.26,0,,SI1,242,GH,SI1,18KW,,,5750.00,11500.00,0.00,0.00,B548.JPG,RUBY 4.58 DIA 3.26. 18KW
N5414S4,NL,Sapphire,Oval,Blue,11,,5.18,1.15,0,,SI1,284,GH,SI1,18KW,,,4875.00,9750.00,0.00,0.00,N5414S.JPG,SAP 5.18 D 1.15. 18KW
N5414E4,NL,Emerald,Oval,Green,11,,3.28,1.19,0,,,284,,,18KW,,,6000.00,12000.00,0.00,0.00,N5414E.JPG,EME 3.28. D1.19. 18KW
N5414R10,NL,Ruby,Oval,Red,11,,5.59,1.20,0,,SI1,284,GH,SI1,18KW,,,4500.00,9000.00,0.00,0.00,N5414R.JPG,RUBY 5.59 D 1.20. 18KW
B5414E5,TNSB,Emerald,Oval,Green,14,,4.02,1.74,0,,,322,,,18KW,,,5495.00,10990.00,0.00,0.00,B5414E.jpg,EME 4.02 DIA 1.74. 18KW
PF1H55S70,PDT,Sapphire,Round,Blue,1,5.5,0.70,0.37,0,SI1,SI1,59,GH,SI1,18KW,,,1250.00,2500.00,0.00,0.00,PF1H55S.JPG,18K White Gold Fraim Micro Pave Pendant 0.70ct Round Blue Sapphire D.37
PD64S60,PDT,Sapphire,Oval,Blue,1,6x4,0.60,0.25,0,SI1,SI1,32,GH,SI1,18KW,,,725.00,1450.00,0.00,0.00,PD64S.JPG,18K White Gold Micro Pave Pendant 0.60ct Oval Blue Sapphire D.25
B6425S4,TNSB,Sapphire,Oval,Blue,20,,13.33,2.03,0,,SI1,40,GH,SI1,18KW,,,6250.00,12500.00,0.00,0.00,B6425.JPG,SAP 13.33.DIA 2.03. 18KW
PF364R50,PDT,Ruby,Oval,Red,1,6x4,0.50,0.30,0,SI1,SI1,47,GH,SI1,18KW,,,825.00,1650.00,0.00,0.00,PF364R.JPG,18K White Gold Fraim Micro Pave Pendant 0.50ct Oval Ruby D.30
PF364R55,PDT,Ruby,Oval,Red,1,6x4,0.55,0.30,0,SI1,SI1,47,GH,SI1,18KW,,,825.00,1650.00,0.00,0.00,PF364R.JPG,18K White Gold Fraim Micro Pave Pendant 0.55ct Oval Ruby D.30
P664R45,PDT,Ruby,PS,Red,1,6x4,0.45,0.30,0,SI1,SI1,58,GH,SI1,18KW,,,675.00,1350.00,0.00,0.00,p664r.JPG,18K White Gold Micro Pave Pendant 0.45ct Pear Ruby D.30
G364S135,ERNG,Sapphire,Oval,Blue,1,,1.35,0.64,0,SI1,SI1,87,GH,SI1,18KW,,,1875.00,3750.00,0.00,0.00,g364s135.JPG,18K White Gold Micro Pave Earring 1.35ct Oval Blue Sapphire D.64
N644QE2,NL,Emerald,Oval,Green,11,,4.85,2.57,0,,,220,,,18KW,,,9250.00,18500.00,0.00,0.00,N644QE.JPG,EME 4.85. D2.57. 18KW
B644QR1,TNSB,Ruby,Oval,Red,13,,6.81,3.07,0,,SI1,286,GH,SI1,18KW,,,7500.00,15000.00,0.00,0.00,B6442QR.JPG,RUBY 6.81. D 3.07. 18KW
B644QR,TNSB,Ruby,Oval,Red,13,,6.74,3.01,0,,SI1,299,GH,SI1,18KW,,,7000.00,14000.00,0.00,0.00,B6442QR.JPG,RUB 6.74. DIA 3.01. 18KW
N65XS1,NL,Sapphire,Oval,Blue,13,,11.03,2.52,0,,SI1,56,GH,SI1,18KW,,,9750.00,19500.00,0.00,0.00,n65xs.JPG,SA 13/11.03. D.56/2.52. 18KW
G6024S193,ERNG,Sapphire,Round,Blue,2,,1.93,0.25,0,,SI1,24,GH,SI1,18KW,,,2500.00,5000.00,0.00,0.00,G6024S.jpg,SA 1.93. D.25. 18KW
R8F62S123,RG,Sapphire,Square,Blue,1,6.2,1.23,0.56,0,SI1,SI1,114,GH,SI1,18KW,6.5,"""Francesca"" Ring",1750.00,3500.00,2.30,5.60,R8F62S.JPG,18K White Gold Double Halo Twisted Shank Ring 1.23ct Square Blue Sapphire D.56
R4677R3,RG,Ruby,Oval,Red,1,6.7x4.6,0.96,0.42,0,SI1,SI1,108,GH,SI1,18KW,6.5,"""Belinda"" Ring",2250.00,4500.00,1.50,4.50,R4677R.JPG,18K White Gold Micro Pave Ring 0.96ct Oval Ruby D.42
PM70S,PDT,Sapphire,Round,Blue,1,,1.53,0.45,0,,SI1,15,GH,SI1,18KW,,,2775.00,5550.00,0.00,0.00,PM70S.jpg,18K White Gold Halo Pendant 1.53ct Round Blue Sapphire D.45
P75103S128,PDT,Sapphire,Oval,Blue,1,,1.28,0.50,0,,SI1,13,GH,SI1,18KW,,,1250.00,2500.00,0.00,0.00,P75103S.jpg,SA 1.28. D.50. 18KW
N756CS26,NL,Sapphire,Oval,Blue,9,,8.87,2.26,0,,,60,,,18KW,,,9500.00,19000.00,0.00,0.00,n756cs.JPG,SAP 9/8.87. D.60/2.26. 18KW
PF175R10,PDT,Ruby,Oval,Red,1,7x5,1.00,0.35,0,SI1,SI1,61,GH,SI1,18KW,,,1125.00,2250.00,0.00,0.00,PF175R.JPG,18K White Gold Fraim Micro Pave Pendant 1.00ct Oval Ruby D.35
PF175S10,PDT,Sapphire,Oval,Blue,1,7x5,1.00,0.45,0,SI1,SI1,61,GH,SI1,18KW,,,1125.00,2250.00,0.00,0.00,PF175S.JPG,18K White Gold Fraim Micro Pave Pendant 1.00ct Oval Blue Sapphire D.45
GD75S200,ERNG,Sapphire,Oval,Blue,2,7x5,2.02,1.00,0,SI1,SI1,164,GH,SI1,18KW,,,2475.00,4950.00,0.00,0.00,GD75S.JPG,18K White Gold Double Micro Pave Earring 2.02ct Oval Blue Sapphire D1.00
G2C294R1,ERNG,Ruby,Oval,Red,1,,2.94,1.01,0,,SI1,68,GH,SI1,18KW,,,6250.00,12500.00,0.00,0.00,g2c294r1.JPG,18K White Gold Double Halo Earring 2.94ct Oval Ruby D1.01
P7024P,PDT,Pink Sapphire,Round,Pink,1,7.1,1.85,0.14,0,SI1,SI1,19,GH,SI1,18KW,,,1800.00,3600.00,0.00,0.00,P7024P.jpg,18K White Gold Micro Pave Pendant 1.85ct Round Pink Sapphire D.14
P375S110,PDT,Sapphire,Oval,Blue,1,7.1x4.7,1.10,0.35,0,SI1,SI1,87,GH,SI1,18KW,,,1250.00,2500.00,0.00,0.00,p375s.JPG,18K White Gold Twisted Halo Micro Pave Pendant 1.10ct Oval Blue Sapphire D.35
GTH204,ERNG,Sapphire,Heart Shape,Blue,2,7.1x6.1,2.04,0.58,0,SI1,SI1,82,GH,SI1,18KW,,,2625.00,5250.00,0.00,0.00,GTH204.JPG,18K White Gold Lever Back Micro Pave Earring 2.04ct Heart Blue Sapphire D.58
GC535,ERNG,Ruby,Cushion,Red,2,7.7x9.5,5.35,2.78,8,SI1,SI1,16,GH,SI1,18KW,,,15000.00,30000.00,0.00,0.00,gc535.JPG,18K White Gold Fancy Earring 5.35ct Cushion Ruby. D - OV1.15 RD1.63
RHF183R,RG,Ruby,Cushion,Red,1,7.9x7,1.83,0.63,2,SI1,SI1,40,GH,SI1,18KW,6.5,"""Cynthia"" Ring",6000.00,12000.00,2.60,1.70,RHF183R.JPG,18K White Gold Three Stone Halo Ring 1.83ct Cushion Ruby HM.30 D.33
PMB54E30,PDT,Emerald,Oval,Green,1,8x5.5,0.30,0.23,0,SI1,SI1,17,GH,SI1,18KW,,,600.00,1200.00,0.00,0.00,PMB54E.JPG,18K White Gold Halo Pendant 0.30ct Oval Emerald D.23
PMB54S55,PDT,Sapphire,Oval,Blue,1,8x5.5,0.55,0.23,0,SI1,SI1,17,GH,SI1,18KW,,,495.00,990.00,0.00,0.00,PMB54S.JPG,18K White Gold Halo Pendant 0.55ct Oval Blue Sapphire D.23
PMB54R55,PDT,Ruby,Oval,Red,1,8x5.5,0.55,0.23,0,SI1,SI1,17,GH,SI1,18KW,,,475.00,950.00,0.00,0.00,PMB54R.JPG,18K White Gold Halo Pendant 0.55ct Oval Ruby D.23
GPC219E,ERNG,Emerald,Oval,Green,2,,2.19,2.95,4,SI1,SI1,112,GH,SI1,18KW,,,9950.00,19900.00,0.00,0.00,GPC219E.jpg,Emerald 2/2.19ct. Dia 4/1.95ct. Dia 112/1.00ct. 18K White Gold
R8632R143,RG,Ruby,Oval,Red,1,8x6,1.43,0.69,0,SI1,SI1,120,GH,SI1,18KW,6.5,"""Proserpine"" Ring",4275.00,8550.00,1.50,5.40,R8632R.JPG,18K White Gold Micro Pave Ring 1.43ct Oval Ruby D.69
RM268T,RG,Tanzanite,Square,Purple,1,,2.68,1.00,0,SI1,SI1,102,GH,SI1,18KW,6.5,"""Larisa"" Ring",3625.00,7250.00,2.40,1.80,rm268t.JPG,18K White Gold Halo Ring 2.68ct Square Tanzanite D1.00
GPC221E1,ERNG,Emerald,Oval,Green,2,,2.21,1.30,4,SI1,SI1,104,GH,SI1,18KW,,,6250.00,12500.00,0.00,0.00,,Emerald 2/2.21ct. Fancy Dia 4/0.80ct. Rd Dia 104/0.50ct. 18K White Gold
GB86S,ERNG,Sapphire,Emerald Cut,Blue,2,8.5x6.1,3.93,0.95,13,SI1,SI1,50,GH,SI1,18KW,,,4995.00,9990.00,0.00,0.00,GB86S.JPG,18K White Gold Baguette Micro Pave Earring 3.93ct Emerald Cut Blue Sapphire BG.71 RD.24
G18567Y,ERNG,Yellow Sapphire,Cushion,Yellow,2,8.5x6.6,4.38,0.55,0,,,170,,,18KW,,,5000.00,10000.00,0.00,0.00,G18567Y.jpg,18K White Gold Micro Pave Earring 4.38ct Cushion Yellow Sapphire D.55
NDY255,NL,Sapphire,Heart Shape,Blue,1,,2.55,0.59,0,,,22,,,18KW,,,6750.00,13500.00,0.00,0.00,ndy255.JPG,SAP 2.55. D.59. 18KW
GF419,ERNG,Yellow Sapphire,Heart Shape,Yellow,2,9.1x8.1,4.19,0.83,2,SI1,SI1,48,GH,SI1,18KW,,,4500.00,9000.00,0.00,0.00,GF419.JPG,18K White Gold Fancy Micro Pave Earring 4.19ct Heart Shape Yellow Sapphire F.36 RD.47
RHF291R1,RG,Ruby,Oval,Red,1,,2.91,0.57,2,SI1,SI1,42,GH,SI1,18KW,6.5,"""Arica"" Ring",15000.00,30000.00,2.80,3.00,RHF291R1.jpg,18K White Gold Three Stone Halo Ring 2.91ct Oval Ruby F.33 RD.24
P12305,PDT,Sapphire,PS,Blue,1,,3.05,0.81,1,SI1,SI1,97,GH,SI1,18KW,,,4250.00,8500.00,0.00,0.00,p12305.JPG,18K White Gold Micro Pave Pendant 3.05ct Pear Blue Sapphire D.59
NET302S,NL,Sapphire,PS,Blue,1,,3.02,0.44,0,,SI1,30,GH,SI1,18KW,,,2995.00,5990.00,0.00,0.00,net302s.JPG,SAP 3.02. D.44. 18KW
RHF576Y,RG,Y. Sapphire,Cushion,Yellow,1,,5.76,1.20,2,SI1,SI1,46,GH,SI1,18KW,6.5,"""Cercil"" Ring",5000.00,10000.00,3.30,2.80,RHF576Y.jpg,18K White Gold Three Stone Halo Ring 5.76ct Cushion Yellow Sapphire HM.73 RD.47
R8H1298F,RG,Opal,Oval,Orange,1,12.8x9.2,2.79,0.64,0,SI1,SI1,152,GH,SI1,18KW,6.5,"""Adrasteia"" Ring",2250.00,4500.00,2.00,3.70,R8H1298F.JPG,18K White Gold Double Halo Twisted Shank Ring 2.79ct Oval Fire Opal D.64
GF2717PB,ERNG,Paraiba,Oval,Blue,2,,30.62,0.81,0,,SI1,0,GH,SI1,18KW,,,7000.00,14000.00,0.00,0.00,GF2717PB.jpg,Paraiba 30.62ct. P. Tourmaline 2/0.90ct. Dia0.81ct. 18K White Gold
GF3015E,ERNG,Emerald,Oval,Green,2,,32.25,1.71,0,,SI1,234,GH,SI1,18KW,,,3750.00,7500.00,0.00,0.00,GF3015E.jpg,EM 2/32.15 P.TRM 2/.90 D 234/1.71 18W
GF3321PB,ERNG,Paraiba,PS,Blue,2,,33.21,1.55,0,,SI1,184,GH,SI1,18KW,,,9500.00,19000.00,0.00,0.00,GF3321PB.jpg,Paraiba 33.21ct. Pink Tourmaline 4/1.02ct. Rd Par 10/0.30ct. Dia 184/1.55ct. 18K White Gold
RFH150R,RG,Ruby,Round,Red,1,,1.50,0.95,2,SI1,SI1,104,GH,SI1,18KW,6.5,"""Fire""Ring",3450.00,6900.00,0.00,0.00,RFH150R.jpg,Three Stone Halo Ring. Ruby 1.50ct. Half Moon 2/.21ct. Rd. Dia 104/.74
REF412S,RG,Sapphire,EC,Blue,0,,0.00,0.00,0,,,0,,,18KW,,,11000.00,22000.00,0.00,0.00,ref412s.jpg,SAPPHIRE 4.12CT. FANCY DIA. 0.69CT. RD DIA. 86/0.51CT. 18W
RPC541S,RG,Sapphire,Oval,Blue,0,,0.00,0.00,0,,,0,,,18KW,,,6950.00,13900.00,0.00,0.00,rpc541s.jpg,Sapphire 5.41ct. Dia 2.10ct. 18KW
P3193R,PDT,Ruby,PS,Red,1,,1.93,0.35,0,SI1,SI1,0,GH,SI1,18KW,,,3250.00,6500.00,0.00,0.00,P3193R.jpg,18K White Gold Twisted Halo Micro Pave Pendant 1.93ct Pear Ruby D.35
GPC60P,ERNG,P. Sapphire,Oval,Pink,24,,0.60,0.82,0,,SI1,0,GH,SI1,18KW,,,2300.00,4600.00,0.00,0.00,gpc60p.jpg,P. SAPPHIRE 0.62CT. DIA 0.82CT. 18W
RYC272E,RG,Emerald,Oval,Green,1,,2.72,1.54,0,,SI1,0,GH,SI1,18KW,6.5,,9750.00,19500.00,0.00,0.00,ryc272e.jpg,Emerald 2.72ct. DIA 1.54ct 18W
BPC64E,BNGL,Emerald,,Green,18,,6.10,2.35,0,,SI1,0,GH,SI1,18KW,,,13000.00,26000.00,0.00,0.00,bpc64e.jpg,EMERALD 18/6.10CT. DIA 2.35CT. 18W
NP3805,NL,Sapphire,Round,Blue,53,,38.25,4.50,0,,SI1,0,GH,SI1,18KW,,,33750.00,67500.00,0.00,0.00,NP3805.jpg,Sap 53/38.25ct. Dia 4.50c. 18KW
RBD237R,RG,Ruby,Oval,Red,3,,2.37,0.58,0,,SI1,2,GH,SI1,18KW,6.5,,7000.00,14000.00,0.00,0.00,rbd237r.jpg,Ruby 3/2.37ct. Dia 2/0.58ct. 18W
GPC429P,ERNG,P. Sapphire,Oval,Pink,2,,4.29,1.47,2,SI1,SI1,0,GH,SI1,18KW,,,6250.00,12500.00,0.00,0.00,gpc429p.jpg,P. SAPPHIRE 2/4.29CT. EM DIA 2/0.67CT. DIA 0.80CT. 18W
RH4S257,RG,Sapphire,,Blue,1,,2.57,0.83,2,SI1,SI1,38,GH,SI1,18KW,6.5,"""Concepcion"" Ring",4250.00,8500.00,0.00,0.00,RH4S257.jpg,SA 2.57. HM.41. RD.42. 18KW
RH2S187,RG,Sapphire,Cushion,Blue,1,,1.87,0.86,2,SI1,SI1,48,GH,SI1,18KW,6.5,"""Temuco"" Ring",5250.00,10500.00,0.00,0.00,RH2S187.jpg,SA 1.87. HM.33. RD.53. 18KW
RHV8370S,RG,Sapphire,CC,Blue,1,,2.55,0.84,2,SI1,SI1,52,GH,SI1,18KW,6.5,"""Urania"" Ring",5500.00,11000.00,7.30,8.20,rhv8370s.JPG,18K White Three Stone Halo Ring 2.55ct Cushion Blue Sapphire HM.29 D.55
GFL43E165,ERNG,Emerald,Oval,Green,10,,1.65,0.45,0,,SI1,62,GH,SI1,18KW,,,1500.00,3000.00,0.00,0.00,GFL43E.JPG,18K White Gold Flower Earring 1.65ct Oval Emerald D 62/.45
GF548P,ERNG,P. Sapphire,Heart Shape,Pink,2,,5.48,0.65,0,,SI1,74,GH,SI1,18KW,,,7250.00,14500.00,0.00,0.00,gf548p.jpg,P. SAPPHIRE 5.48CT. DIA 74/0.65CT. 18W
B756LP,TNSB,P. Sapphire,Oval,Pink,15,,14.85,1.88,0,,,90,,,18KW,,,6995.00,13990.00,0.00,0.00,b756lp.JPG,P. Sapp 14.85ct. Dia 1.88ct. 18W
RMQ209,RG,Sapphire,Marquise,Blue,1,,2.09,0.81,0,SI1,SI1,113,GH,SI1,18KW,6.5,"""Nausikaa"" Ring",3750.00,7500.00,3.70,2.10,rmq209.JPG,18K White Gold Split Shank Halo Ring 2.09ct Marquise Blue Sapphire D.81
R8HR185E,RG,Emerald,Round,Green,1,,1.85,0.80,0,SI1,SI1,132,GH,SI1,18KW,6.5,"""Kyra"" Ring",3125.00,6250.00,2.00,3.60,R8HR185E.jpg,18K White Gold Double Halo Twisted Shank Ring 1.85ct Round Emerald D.80
B43XS96,TNSB,Sapphire,Oval,Blue,27,,6.73,1.78,0,,SI1,135,GH,SI1,18KW,,,4000.00,8000.00,0.00,0.00,b43xs96.jpg,SAPPHIRE 27/6.73CT. DIA 135/1.78CT. 18W
NPC1400S,NL,Sapphire,Oval,Blue,15,,14.00,5.75,0,,SI1,200,GH,SI1,18KW,,,17750.00,35500.00,0.00,0.00,npc1400s.jpg,SAPPHIRE 15/14.00CT. DIA 200/5.75CT. 18W
G4317S,ERNG,Sapphire,Oval,Blue,34,,7.51,1.48,0,SI1,SI1,292,GH,SI1,18KW,,,3750.00,7500.00,0.00,0.00,G4317S.jpg,18K White Gold Micro Pave Earring 7.51ct Oval Blue Sapphire D1.48
FTS23590,STU,Sapphire,Round,Blue,2,,0.90,0.00,0,,,0,,,18KW,,,240.00,480.00,0.00,0.00,fts23590.JPG,SAP 0.90. 18K
G4516E60,ERNG,Emerald,Round,Green,2,4.5,0.60,0.33,0,SI1,SI1,24,GH,SI1,18KW,,,1175.00,2350.00,0.00,0.00,G4516E.JPG,18K White Gold Halo Earring 0.60ct Round Emerald D.30
GM45S70,ERNG,Sapphire,Round,Blue,2,4.5,0.70,0.22,0,SI1,SI1,32,GH,SI1,18KW,,,675.00,1350.00,0.00,0.00,GM45S .jpg,18K White Gold Micro Pave Earring 0.70ct Round Blue Sapphire D.22
RM50E55,RG,Emerald,Round,Green,1,,0.55,0.14,0,SI1,SI1,28,GH,SI1,18KW,6.5,"""Leto"" Ring",750.00,1500.00,0.00,0.00,RM50E.jpg,18K White Gold Halo Ring 0.55ct Round Emerald D.14
RMB62E,RG,Emerald,Round,Green,1,6.6,1.03,0.33,0,SI1,SI1,18,GH,SI1,18KW,6.5,"""Venus"" Ring",1900.00,3800.00,2.20,2.90,RMB62E.jpg,18K White Gold Halo Ring 1.03ct Round Emerald D.33
RR180,STU,Emerald,Round,Green,2,,1.79,0.00,0,,,0,,,18KW,,,900.00,1800.00,0.00,0.00,rr180.JPG,EM 1.79. 18K
R8F62S142,RG,Green Sapphire,Round,Green,1,6.2,1.42,0.50,0,SI1,SI1,120,GH,SI1,18KW,6.5,"""Victoria"" Ring",1500.00,3000.00,2.30,5.50,r8f62s142.JPG,18K White Gold Double Halo Twisted Shank Ring 1.42ct Round Green Sapphire D.50
R8H68S1,RG,Sapphire,Round,Blue,1,6.5,1.58,0.61,0,SI1,SI1,158,GH,SI1,18KW,6.5,"""Ivori"" Ring",2495.00,4990.00,2.00,3.70,R8H68S.jpg,18K White Gold Double Halo Twisted Shank Ring 1.58ct Round Blue Sapphire D.61
P91S,PDT,Sapphire,Round,Blue,10,2.5,0.40,0.21,0,SI1,SI1,18,GH,SI1,18KW,,,425.00,850.00,0.00,0.00,P91S.JPG,18K White Gold Micro Pave Pendant 0.40ct Round Blue Sapphire
G91R,ERNG,Ruby,Round,Red,10,2.5,0.75,0.48,0,SI1,SI1,28,GH,SI1,18KW,,,950.00,1900.00,0.00,0.00,G91R.JPG,18K White Gold Level Back Micro Pave Earring 0.75ct Round Ruby D.48
RCC7256S,RG,Sapphire,CC,Blue,1,,1.34,0.42,0,,SI1,30,GH,SI1,18KW,6.5,"""Semele"" Ring",3250.00,6500.00,0.00,0.00,rcc7256s.JPG,18K White Gold Double Halo Ring 1.34ct Cushion Blue Sapphire D.42
GFL43S240,ERNG,Sapphire,Oval,Blue,10,4x3,2.40,0.45,0,SI1,SI1,62,GH,SI1,18KW,,,1250.00,2500.00,0.00,0.00,gfl43s.JPG,18K White Gold Flower Earring 2.40ct Oval Blue Sapphire D.45
R4044E,RG,Emerald,Round,Green,1,4.00,0.24,0.29,0,SI1,SI1,68,GH,SI1,18KW,6.5,"""Hersilia"" Ring",1100.00,2200.00,1.60,2.70,R4044E.jpg,18K White Gold Micro Pave Ring 0.24ct Round Emerald D.29
R4044R,RG,Ruby,Round,Red,1,4,0.30,0.29,0,SI1,SI1,68,GH,SI1,18KW,6.5,"""Aubrey"" Ring",1000.00,2000.00,1.60,2.50,R4044R.JPG,18K White Gold Micro Pave Ring 0.30ct Round Ruby D.29
R4044S,RG,Sapphire,Round,Blue,1,4,0.30,0.29,0,SI1,SI1,68,GH,SI1,18KW,6.5,"""Iuno"" Ring",1000.00,2000.00,1.60,2.80,R4044S.jpg,18K White Gold Micro Pave Ring 0.30ct Round Blue Sapphire D.29
GM45S80,ERNG,Sapphire,Round,Blue,2,4.5,0.80,0.22,0,SI1,SI1,32,GH,SI1,18KW,,,675.00,1350.00,0.00,0.00,GM45S .jpg,SAP 0.80. D.22 ct. 18KW
R4652P21,RG,Pink Sapphire,Round,Pink,1,6.00,1.00,0.50,0,SI1,SI1,94,GH,SI1,18KW,6.5,"""Aurora"" Ring",1600.00,3200.00,2.00,1.50,R4652P.jpg,18K White Gold Micro Pave Ring 1.00ct Round Pink Sapphire D.50
GD64S115,ERNG,Sapphire,Oval,Blue,2,6x4,1.15,0.48,0,SI1,SI1,64,GH,SI1,18KW,,,1450.00,2900.00,0.00,0.00,GD64S.JPG,18K White Gold Lever Back Micro Pave Earring 1.15ct Oval Blue Sapphire D.48
R4652E12,RG,Emerald,Round,Green,1,6,0.78,0.50,0,SI1,SI1,94,GH,SI1,18KW,6.5,"""Larunda"" Ring",1700.00,3400.00,2.00,1.50,R4652E.jpg,18K White Gold Micro Pave Ring 0.78ct Round Emerald D.50
RMB60CG,RG,Green Sapphire,Cushion,Green,1,6.1x6.1,1.53,0.46,0,SI1,SI1,18,GH,SI1,18KW,6.5,"""Nadine"" Ring",1450.00,2900.00,2.10,2.50,RMB60CG.JPG,18K White Gold Halo Ring 1.53ct Cushion Green Sapphire D.46
R8F62R2,RG,Ruby,Round,Red,1,6.2,0.96,0.53,0,SI1,SI1,120,GH,SI1,18KW,6.5,"""Silvia"" Ring",1600.00,3200.00,2.20,5.50,R8F62R.jpg,18K White Gold Double Halo Twisted Shank Ring 0.96ct Round Ruby D.53
RFH144S,RG,Sapphire,Round,Blue,1,,1.44,0.98,2,SI1,SI1,100,GH,SI1,18KW,6.5,"""Luna""Ring",3000.00,6000.00,2.10,3.10,RFH144S.jpg,Sapphire 1.44ct. Half Moon 0.24ct. Dia 0.74. 18K White Gold
RMB6952S,RG,Sapphire,Cushion,Blue,1,6.9x5.1,1.28,0.53,0,SI1,SI1,18,GH,SI1,18KW,6.5,"""Amira"" Ring",2495.00,4990.00,1.90,2.50,RMB6952S.jpg,18K White Gold Halo Ring 1.28ct Cushion Blue Sapphire D.53
R7520S12,RG,Sapphire,Oval,Blue,1,7x5,1.20,0.17,0,SI1,SI1,34,GH,SI1,18KW,6.5,"""Maia"" Ring",1150.00,2300.00,1.30,2.10,r7520s.jpg,18K White Gold Micro Pave Ring 1.20ct Oval Blue Sapphire D.17
R7522S115,RG,Sapphire,Oval,Blue,1,7x5,1.20,0.65,0,SI1,SI1,94,GH,SI1,18KW,6.5,"""Pomona"" Ring",1600.00,3200.00,1.50,4.60,R7522S.jpg,18K White Gold Micro Pave Ring 1.20ct Oval Blue Sapphire D.65
RC7G,RG,Green Sapphire,Cushion,Green,1,,2.03,0.42,0,,SI1,0,GH,SI1,18KW,6.5,,1750.00,3500.00,2.40,3.40,RC7G.jpg,Green Sapphire 2.03ct. Dia 0.42ct. 18K White Gold
RM7165,RG,Emerald,Emerald Cut,Green,1,,1.58,0.37,0,,SI1,20,GH,SI1,18KW,6.5,"""Medeia"" Ring",1875.00,3900.00,2.90,3.30,RM7165.jpg,18K White Gold Halo Ring 1.58ct Emerald Cut Emerald D.37
R8H195,RG,Ruby,Round,Red,1,7.4,1.95,0.65,0,SI1,SI1,156,GH,SI1,18KW,6.5,"""Aella"" Ring",5000.00,10000.00,2.20,3.70,r8h.jpg,18K White Gold Double Halo Twisted Shank Ring 1.95ct Round Ruby D.65
RHM40S93,RG,Sapphire,Oval,Blue,1,7.7x6,1.67,0.22,2,SI1,SI1,2,GH,SI1,18KW,6.5,"""Kalypso"" Ring",1700.00,3400.00,1.40,2.60,RHM40S.jpg,18K White Gold Three Stone Ring 1.67ct Oval Blue Sapphire D.22
RHF174R1,RG,Ruby,Oval,Red,1,,1.74,0.51,2,SI1,SI1,36,GH,SI1,18KW,6.5,"""Clytia"" Ring",4995.00,9990.00,3.30,2.00,rhf174r1.JPG,18K White Gold Three Stone Halo Ring 1.74ct Oval Ruby HM.22 RD.29
GF408,ERNG,Sapphire,Square,Blue,2,7.8x7.6,4.08,2.05,4,SI1,SI1,44,GH,SI1,18KW,,,6450.00,12900.00,0.00,0.00,GF408.JPG,18K White Gold Fancy Micro Pave Earring 4.08ct Square Blue Sapphire F1.57 RD.48
PMB54S50,PDT,Sapphire,Oval,Blue,1,8x5.5,0.50,0.21,0,SI1,SI1,17,GH,SI1,18KW,,,495.00,990.00,0.00,0.00,PMB54S.JPG,18K White Gold Halo Pendant 0.50ct Oval Blue Sapphire
R8632S155,RG,Sapphire,Oval,Blue,1,8x6,1.55,0.69,0,SI1,SI1,120,GH,SI1,18KW,6.5,"""Clementine"" Ring",4275.00,8550.00,1.80,5.30,R8632S.jpg,18K White Gold Micro Pave Ring 1.55ct Oval Blue Sapphire D.69
NPC925P,NL,P. Sapphire,Oval,Pink,9,,9.25,2.61,0,,SI1,238,GH,SI1,18KW,,,8500.00,17000.00,0.00,0.00,npc925p.jpg,P. SAPPHIRE 9/9.25CT. DIA 238/2.61CT. 18W
RTF225,RG,Sapphire,Cushion,Blue,1,,2.25,0.52,2,SI1,SI1,24,GH,SI1,18KW,6.5,"""Nephele"" Ring",5500.00,11000.00,0.00,0.00,rtf225.JPG,18K White Gold Three Stone Halo Ring 2.25ct Cushion Blue Sapphire TRP.38 RD.14
R2F86S180,RG,Sapphire,Oval,Blue,1,8.1x5.8,1.80,0.45,2,SI1,SI1,64,GH,SI1,18KW,6.5,"""Angelique"" Ring",2750.00,5500.00,1.50,3.00,R2F86S.jpg,18K White Gold Three Stone Double Halo Ring 1.80ct Oval Blue Sapphire HM.21 RD.24
RMB86S153,RG,Sapphire,Oval,Blue,1,,1.53,0.54,0,,SI1,18,GH,SI1,18KW,6.5,"""San Fernando"" Ring",2250.00,4500.00,2.40,3.80,RMB86S.jpg,18K White Gold Halo Ring 1.53ct Oval Blue Sapphire D.54
RHM316,RG,Sapphire,Cushion,Blue,1,8.3x7.5,3.16,0.60,2,SI1,SI1,0,GH,SI1,18KW,6.5,"""Iris"" Ring",7000.00,14000.00,1.90,2.80,rhm316.JPG,18K White Gold Three Stone Ring 3.16ct Cushion Blue Sapphire HM.60
RH4361S,RG,Sapphire,Cushion,Blue,1,,3.61,0.92,2,SI1,SI1,52,GH,SI1,18KW,6.5,"""Osorno"" Ring",7000.00,14000.00,3.20,3.40,RH4361S.jpg,18K White Gold Three Stone Halo Ring 3.61ct Cushion Blue Sapphire HM.42 RD.50
R8H8466S,RG,Sapphire,Cushion,Blue,1,8.4x6.6,2.42,0.60,0,SI1,SI1,142,GH,SI1,18KW,6.5,"""Akantha"" Ring",6495.00,12990.00,2.10,3.70,R8H8466S.jpg,18K White Gold Double Halo Twisted Shank Ring 2.42ct Cushion Blue Sapphire D.60
RHF8771R,RG,Ruby,Cushion,Red,1,8.7x7.1,1.87,0.95,2,SI1,SI1,36,GH,SI1,18KW,6.5,"""Hero"" Ring",4995.00,9990.00,1.70,2.70,RHF8771R.jpg,18K White Gold Three Stone Halo Ring 1.87ct Cushion Ruby HM.54 RD.41
RHF294,RG,Sapphire,Oval,Blue,1,8.9x6.8,2.94,0.99,2,SI1,SI1,40,GH,SI1,18KW,6.5,"""Eileithyia"" Ring",7000.00,14000.00,1.50,2.70,RHF294.jpg,18K White Gold Three Stone Halo Ring 2.94ct Oval Blue Sapphire HM.58 RD.41
PF176S,PDT,Sapphire,TRAP,Blue,1,,1.76,0.62,0,SI1,SI1,51,GH,SI1,18KW,,,3000.00,6000.00,0.00,0.00,pf176s.JPG,18K White Gold Double Micro Pave Pendant 1.76ct Trapezoid Blue Sapphire D.62
RHFMB9073S,RG,Sapphire,Oval,Blue,1,,2.54,0.75,2,SI1,SI1,36,GH,SI1,18KW,6.5,"""Xanthe"" Ring",5500.00,11000.00,2.50,3.30,rhfmb9073s.JPG,18K White Gold Three Stone Cluster Halo Ring 2.54ct Oval Blue Sapphire HM.30 D.45
R2C97S,RG,Sapphire,Oval,Blue,1,,2.10,0.52,0,,SI1,64,GH,SI1,18KW,6.5,,3125.00,6250.00,2.90,2.50,r2c97s.JPG,18K White Gold Double Halo Ring 2.10ct Oval Blue Sapphire D.52
RMB9270,RG,Emerald,Oval,Green,1,9.2x6.9,1.74,0.42,0,SI1,SI1,22,GH,SI1,18KW,6.5,"""Kala"" Ring",1875.00,3900.00,2.20,2.90,RMB9270.jpg,18K White Gold Halo Ring 1.74ct Oval Emerald D.42
RHF358S,RG,Sapphire,Oval,Blue,1,,3.58,0.84,2,SI1,SI1,36,GH,SI1,18KW,6.5,"""Colina"" Ring",6330.00,12660.00,3.00,3.40,RHF358S.jpg,18K White Gold Three Stone Halo Ring 3.58ct Oval Blue Sapphire HM.35 RD.49
RHM165R,RG,Ruby,Cushion,Red,1,9.5x6,1.65,1.05,2,SI1,SI1,0,GH,SI1,18KW,6.5,"""IO"" Ring",4000.00,8000.00,1.60,2.70,RHM165R.JPG,18K White Gold Three Stone Ring 1.65ct Cushion Ruby HM.1.05
R2WF371,RG,Sapphire,Emerald Cut,Blue,1,9.7x6.8,3.71,0.75,2,SI1,SI1,90,GH,SI1,18KW,6.5,"""Felicitas"" Ring",11000.00,22000.00,2.80,1.60,R2WF371.jpg,18K White Gold Three Stone Double Halo Ring 3.71ct Emerald Cut Blue Sapphire TRP.30 RD.45
R8B9778S,RG,Sapphire,Oval,Blue,1,9.7x7.8,3.60,0.69,8,SI1,SI1,14,GH,SI1,18KW,6.5,"""Cynthia"" Ring",9500.00,19000.00,2.10,2.30,R8B9778S.jpg,18K White Gold Round and Baguette Ring 3.60ct Oval Blue Sapphire BG.37 RD.32
RCY9685,RG,Sapphire,Cushion,Blue,1,,4.16,0.57,0,,SI1,46,GH,SI1,18KW,6.5,"""Tisiphone"" Ring",9000.00,18000.00,2.60,1.80,rcy9685.JPG,18K White Gold Split Shank Halo Ring 4.16ct Cushion Blue Sapphire D.57
RFE371G,RG,Green Sapphire,Radiant,Green,1,,3.71,1.84,2,SI1,SI1,157,GH,SI1,18KW,6.5,"""Astraea"" Ring",4995.00,9990.00,3.60,2.30,rfe371g.JPG,18K White Gold Double Halo Three Stone Ring 3.71ct Radiant Green Sapphire TRP.44 RD.1.40
RHFMB10274S,RG,Sapphire,Oval,Blue,1,,3.28,0.81,2,SI1,SI1,40,GH,SI1,18KW,6.5,"""Iquique"" Ring",8250.00,16500.00,2.40,4.00,RHFMB10274S.jpg,18K White Gold Three Stone Cluster Halo Ring 3.28ct Oval Blue Sapphire HM.27 D.54
RB97S,RG,Sapphire,Emerald Cut,Blue,1,10.3x7.5,3.20,1.54,0,SI1,SI1,18,GH,SI1,18KW,6.5,"""Lili"" Ring",10750.00,21500.00,2.20,3.00,rb97s.JPG,18K White Gold Baguette Ring 3.20ct Emerald Cut Blue Sapphire D.1.54
R2W10474,RG,Sapphire,Oval,Blue,1,,3.07,0.76,2,SI1,SI1,78,GH,SI1,18KW,6.5,"""Aniya"" Ring",4995.00,9990.00,1.80,2.80,R2W10474.jpg,18K White Gold Three Stone Double Halo Ring 3.07ct Oval Blue Sapphire HM.32 D.44
RC442S,RG,Sapphire,Oval,Blue,1,,4.42,1.65,0,,SI1,12,GH,SI1,18KW,,,9750.00,19500.00,2.40,3.20,rc442s.jpg,SAPPHIRE 4.42CT. DIA 1.65CT. 18W
RHF310S,RG,Sapphire,Oval,Blue,1,10.7x7.1,3.10,0.62,2,SI1,SI1,40,GH,SI1,18KW,6.5,"""Elpis"" Ring",6000.00,12000.00,1.80,2.50,RHF310S.jpg,18K White Gold Three Stone Halo Ring 3.10ct Oval Blue Sapphire F.29 RD.33
GPC865S,ERNG,Sapphire,PS,Blue,2,,8.65,4.50,0,,SI1,60,GH,SI1,18KW,,,39500.00,79000.00,0.00,0.00,gpc865s.jpg,SAPPHIRE 2/8.65CT. DIA 60/4.50CT. 18W
RFDCU118S,RG,Sapphire,Cushion,Blue,1,,3.65,1.65,0,,SI1,130,GH,SI1,18KW,6.5,"""Tethys"" Ring",9750.00,19500.00,3.20,2.80,rfdcu118s.JPG,18K White Three Stone Double Shank Halo Ring 3.65ct Cushion Blue Sapphire HM.71 D.1.65
RW911,RG,Sapphire,Emerald Cut,Blue,1,12.5x8,9.11,1.16,0,SI1,SI1,80,GH,SI1,18KW,6.5,"""Skye"" Ring",40000.00,80000.00,1.70,2.90,rw911.JPG,18K White Gold Split Shank Double Halo Ring 9.11ct Emerald Cut Blue Sapphire D1.16
RHF783,RG,Sapphire,Oval,Blue,1,13.6x10.3,7.83,1.17,2,SI1,SI1,22,GH,SI1,18KW,6.5,"""Helena"" Ring",24250.00,48500.00,3.10,1.40,RHF783.jpg,18K White Gold Three Stone Halo Ring 7.83ct Oval Blue Natural Sapphire HM.58 RD.59
RCV857R,RG,Ruby,Cushion,Red,1,,8.57,0.63,0,,SI1,100,GH,SI1,18KW,6.5,,19800.00,39600.00,2.30,2.80,RCV857R.jpg,Double Halo Ring. Ruby 8.57ct. RD .63ct. 18K White Gold
GF3215PB,ERNG,Paraiba,PS,Blue,2,SLICE 32X15.5,29.75,0.97,0,,SI1,112,GH,SI1,18KW,,,9250.00,18500.00,0.00,0.00,gf3215pb.jpg,PARAIBA 2/29.75CT. P. TRML 2/0.85CT. DIA 112/0.97CT. 18W
RVJ530PB,RG,Paraiba,CAB,Blue,1,,5.30,1.21,0,,SI1,122,GH,SI1,18KW,,,30000.00,60000.00,0.00,0.00,rvj530pb.jpg,PARAIBA 5.30CT. DIA 122/1.21CT. 18W
NF421PB,NL,Paraiba,PS,Blue,1,,4.21,0.67,0,,SI1,105,GH,SI1,18KW,,,45000.00,90000.00,0.00,0.00,NF421PB.jpg,PARA 4.21.P.TRM 1.14.D.67. 18KW
RF180PB,RG,Paraiba,Oval,Blue,1,,1.80,0.48,0,,SI1,42,GH,SI1,18KW,6.5,"""Punta Arenas"" Ring",11500.00,23000.00,0.00,0.00,RF180PB.jpg,PAR 1.80.P.TRM.29.D.48
RTF248P,RG,P. Sapphire,Cushion,Pink,1,. Cushion. Pink 9.0x7.6,2.48,0.00,0,,,0,,,18KW,,,3750.00,7500.00,0.00,0.00,rtf248p.jpg,P. SAPPHIRE 2.48CT. FANCY DIA 0.36CT. RD DIA 46/0.23CT. 18W
RPY406R,RG,Ruby,Cushion,Red,1,,4.06,0.99,2,SI1,SI1,0,GH,SI1,18KW,6.5,"""Laura""Ring",23500.00,47000.00,0.00,0.00,RPY406R.jpg,Ruby 4.06ct. Fancy Dia 0.74ct. Rd.Dia 0.25ct. 18W
RJC309P,RG,Paraiba,Oval,Blue,1,,3.09,0.51,0,,SI1,32,GH,SI1,18KW,,,50000.00,100000.00,2.00,4.00,rjc309p.jpg,PARAIBA 3.09CT. OV PAR 10/0.65CT. DIA 32/0.51CT. 18W
RJF70S1,RG,Sapphire,Round,Blue,0,,0.00,0.00,0,,,0,,,18KW,,,3000.00,6000.00,0.00,0.00,rjf70s.jpg,SAPPHIRE 1.91CT. DIA 126/0.52CT. 18W
NPC17688,NL,Sapphire,Cushion,Nulti,0,,0.00,0.00,0,,,0,,,18KW,,,8400.00,16800.00,0.00,0.00,npc17688.jpg,Multicolor Sapphire 11.55ct. Diamond 2.25ct. 18W
G75103S205,ERNG,Sapphire,Oval,Blue,2,,2.05,0.80,0,,SI1,0,GH,SI1,18KW,,,1875.00,3750.00,0.00,0.00,G75103S.jpg,SAPPHIRE 2.05CT. DIA 0.80ct. 18W
RTF234R,RG,Ruby,EC,Red,1,,2.34,0.46,2,SI1,SI1,44,GH,SI1,18KW,,,10000.00,20000.00,0.00,0.00,rtf234r.jpg,RUBY 2.34CT. F DIA 2/0.26CT. RD DIA 44/0.20
RH2S205,RG,Sapphire,,Blue,1,,2.05,0.96,2,SI1,SI1,48,GH,SI1,18KW,6.5,"""Puerto Montt"" Ring",5500.00,11000.00,0.00,0.00,RH2S205.jpg,SA 2.05. HM.42. RD.54. 18KW
NCA75R313,NL,Ruby,Cushion,Red,26,,29.36,9.50,27,,,1018,,,18KW,,,90000.00,180000.00,0.00,0.00,NCA75R313.jpg,RUBY 29.36. F 5.03. RD 4.47. 18KW
G4516S90,ERNG,Sapphire,Round,Blue,2,4.5,0.90,0.35,0,SI1,SI1,24,GH,SI1,18KW,,,900.00,1800.00,0.00,0.00,G4516S.jpg,18K White Gold Halo Earring 0.90ct Round Sapphire D.30
P91R,PDT,Ruby,Round,Red,10,2.5,0.40,0.21,0,SI1,SI1,18,GH,SI1,18KW,,,425.00,850.00,0.00,0.00,P91R.jpg,18K White Gold Micro Pave Pendant 0.40ct Round Ruby
PE16970,PDT,Emerald,PS,Green,1,,1.22,0.15,0,,SI1,0,GH,SI1,18KW,,,2800.00,5600.00,0.00,0.00,,EMERALD 1.22CT. DIA 0.15CT. 18W
RHF157S,RG,Sapphire,Oval,Blue,1,,1.57,0.37,0,,SI1,2,GH,SI1,18KW,,,2600.00,5200.00,2.00,4.00,rhf157s.jpg,SAPPHIRE 1.57CT. HM DIA 0.37CT. 18W
RH2S231,RG,Sapphire,Oval,Blue,1,,2.31,0.98,2,SI1,SI1,48,GH,SI1,18KW,6.5,"""Mar del plata"" Ring",4500.00,9000.00,3.70,4.80,RH2S231.jpg,18K White Gold Three Stone Halo Ring 2.31ct Oval Blue Sapphire HM.42 RD.56
R1211S,RG,Sapphire,Round,Blue,1,9.4,4.45,1.32,0,SI1,SI1,12,GH,SI1,18KW,6.5,"""Angerona"" Ring",14000.00,28000.00,3.00,1.60,R1211S.jpg,18K White Gold Cluster Ring 4.45ct Round Natural Blue Sapphire D1.32
RHF315S,RG,Sapphire,Oval,Blue,1,,3.15,0.72,2,SI1,SI1,42,GH,SI1,18KW,6.5,"""Carina""Ring",5250.00,10500.00,2.90,2.50,RHF315S_.jpg,18K White Gold Three Stone Halo Ring 3.15ct Oval Sapphire HM 2/0.36ct. RD 42/0.36ct
RP462R,ERNG,Ruby,PS,Red,2,,4.62,2.00,0,,SI1,0,GH,SI1,18KW,,,16000.00,32000.00,0.00,0.00,rp462r.jpg,RUBY 4.62CT. DIA 2.00CT. 18W
GPC1642BZ,ERNG,Blue Zircon,Oval,Blue,2,,16.42,1.00,0,,SI1,54,GH,SI1,18KW,,,4750.00,9500.00,0.00,0.00,gpc1642bz.jpg,BLUE ZIRCON 16.42CT. DIA 54/1.00CT. 18W
RHF465R,RG,Ruby,CC,Red,1,,4.65,0.68,2,SI1,SI1,58,GH,SI1,18KW,6.5,"""Lilly"" Ring",9500.00,19000.00,3.50,4.40,RHF465R.jpg,18K White Gold Three Stone Halo Ring 4.65ct Cushion Ruby F.25 RD.43
RHF408R,RG,Ruby,EC,Red,1,,4.08,1.27,2,SI1,SI1,62,GH,SI1,18KW,6.5,"""Patagonia"" Ring",19300.00,38600.00,3.40,3.90,RHF408R.jpg,18KW Three Stone Halo Ring 4.08ct EC Ruby TRP.71 RD.56
RH21008S,RG,Sapphire,Cushion,Blue,1,,10.08,1.81,2,SI1,SI1,62,GH,SI1,18KW,6.5,"""Mendoza"" Ring",75000.00,150000.00,3.60,3.90,RH21008S.jpg,18K Three Stone Halo Ring 10.08ct Cushion Blue Sapphire TRP1.00 RD.81
REF193PB,RG,Paraiba,Oval,Blue,1,,1.93,1.20,2,SI1,SI1,0,GH,SI1,18KW,6.5,,14500.00,29000.00,0.00,0.00,ref193pb.jpg,PARAIBA 1.93CT. F. DIA. 0.21CT. RD. DIA. 0.60CT. 18W
GF300PB,ERNG,Paraiba,Oval,Blue,2,,3.00,1.12,0,,SI1,216,GH,SI1,18KW,,,22500.00,45000.00,0.00,0.00,gf300pb_.jpg,PARAIBA 2/3.00CT. RD. PARA 72/0.68CT. DIA 216/1.12CT. 18W
PFL4136E,PDT,Emerald,PS,Green,1,,20.55,0.68,0,,SI1,116,GH,SI1,18KY,,,2750.00,5500.00,0.00,0.00,PFL4136E.jpg,EME 20.55.P.TRM.0.47.D0.68 18KY
NFL766F,NL,Opal,Cushion,Orange,1,,7.66,1.02,0,,SI1,125,GH,SI1,18KY,,,3000.00,6000.00,0.00,0.00,NFL766F.jpg,F.OPAL 7.66.D1.02
NFL909F,NL,Opal,Cushion,Orange,1,,9.09,1.06,0,,SI1,129,GH,SI1,18KY,,,3500.00,7000.00,0.00,0.00,NFL909F.jpg,Fire Opal 9.09. D1.06
GF4595,ERNG,Emerald,PS,Green,2,,45.95,1.77,0,,SI1,160,GH,SI1,18KY,,,5500.00,11000.00,0.00,0.00,GF4595.jpg,EME 45.95.P.TRM1.68.D1.77.18KY
RR2797,STU,Sapphire,Round,Blue,2,,0.86,0.00,0,,,0,,,18KY,,,315.00,630.00,0.00,0.00,RR.JPG,SAP 0.86. 18KY
FTS12070,STU,Sapphire,Round,Blue,2,,0.70,0.00,0,,,0,,,18KY,,,200.00,400.00,0.00,0.00,fts3514.JPG,SAP 0.70. 18K
FTS23514,STU,Sapphire,Round,Blue,2,,1.40,0.00,0,,,0,,,18KY,,,300.00,600.00,0.00,0.00,fts3514.JPG,SAP 1.40. 18K
FTS35016,STU,Sapphire,Round,Blue,2,,1.60,0.00,0,,,0,,,18KY,,,420.00,840.00,0.00,0.00,fts3514.JPG,SAP 1.60. 18K
G5510613,ERNG,Sapphire,Round,Blue,2,5.5,1.39,1.20,0,SI1,SI1,20,GH,SI1,18KY,,,1900.00,3800.00,0.00,0.00,G55106.JPG,18K White Gold Cluster Earring 1.39ct Round Blue Sapphire D1.20
NS137107,NL,Opal,Oval,Orange,1,,4.48,0.83,0,,SI1,190,GH,SI1,18KY,,,2500.00,5000.00,26.31,35.58,ns137107.JPG,Fire Opal 4.48. D83 18KY
NS14102,NL,Opal,Oval,Orange,1,,4.20,0.80,0,,SI1,190,GH,SI1,18KY,,,2500.00,5000.00,26.21,35.91,ns14102.JPG,Fire Opal 4.20. D.80. 18K
PFE2932E,PDT,Emerald,Oval,Green,1,,29.32,0.90,0,,SI1,123,GH,SI1,18KY,,,2750.00,5500.00,0.00,0.00,PFE2932E.jpg,EMERALD 29.32CT. DIA 123/0.90. 18KY
PT75E9,PDT,Emerald,Oval,Green,1,,0.92,0.19,0,,SI1,32,GH,SI1,18KY,,,950.00,1900.00,0.00,0.00,PT75E9_S.jpg,Eme 0.92ct. Dia 32/0.19ct. 18KY
NP17122,NL,Sapphire,Oval,Blue,1,,3.72,1.65,0,,SI1,14,GH,SI1,18KY,,,6000.00,12000.00,0.00,0.00,np17122.jpg,Sapphire 3.72ct. Diamonds 1.65ct 18KY
BP13672,TNSB,Sapphire,Square,Blue,26,,5.78,1.25,28,SI1,,0,,,18KY,,,6000.00,12000.00,0.00,0.00,,Sapphires 5.78ct. Diamonds 1.25ct. 18KY
PT75S150,PDT,Sapphire,Oval,Blue,1,,1.50,0.22,0,,SI1,42,GH,SI1,18KY,,,700.00,1400.00,0.00,0.00,pt75s150.jpg,SA 1.50ct.D 42/0.22 18KY
G4082S13,ERNG,Sapphire,Round,Blue,2,4,0.80,0.30,0,SI1,SI1,16,GH,SI1,18KY,,,725.00,1450.00,0.00,0.00,G4082S.jpg,18K Yellow Gold Cluster Earring 0.80ct Round Blue Sapphire D.30
FTS23580,STU,Sapphire,Round,Blue,2,,0.80,0.00,0,,,0,,,18KY,,,240.00,480.00,0.00,0.00,fts3514.JPG,SAP 0.80. 18K
FTS23510,STU,Sapphire,Round,Blue,2,,1.00,0.00,0,,,0,,,18KY,,,350.00,700.00,0.00,0.00,fts3514.JPG,SAP 1.00. 18K
RB276R,RG,Ruby,Round,Red,1,,2.76,1.04,0,,SI1,18,GH,SI1,18KY,6.5,"""Alkippe"" Ring",7150.00,14300.00,1.40,1.90,rb276r.JPG,18K Yellow Gold Ring 2.76ct Round Ruby D.1.04
P543E70,PDT,Emerald,Oval,Green,5,4x3,0.70,0.26,0,SI1,SI1,9,GH,SI1,18KY,,,725.00,1450.00,0.00,0.00,p543e.JPG,18K Yellow Gold Flower Pendant 0.70ct Oval Emerald D.26
B4321M68,TNSB,Multi Color,Oval,Nulti,29,,6.57,0.73,0,,,58,,,2T14K,,,2850.00,5700.00,0.00,0.00,B4321M.JPG,RB SAP 6.57 D.73. 2T14K
RHM422,RG,Sapphire,Cushion,Blue,1,9.6x8.9,4.22,0.55,2,SI1,SI1,0,GH,SI1,PL18K,6.5,"""Kassandra"" Ring",5750.00,11500.00,1.10,3.00,RHM422.jpg,Plat/18Y Three Stone Ring 4.22ct Cushion Blue Sapphire HM.55
RHF443E,RG,Emerald,Oval,Green,1,,4.43,1.87,2,SI1,SI1,72,GH,SI1,PLAT/18K,,,36000.00,72000.00,2.20,2.20,rhf443e.jpg,EMERALD 4.43CT. FANCY DIA 2/0.82CT. RD DIA 72/1.05. PLAT/18Y
RJF529E,RG,Emerald,Round,Green,1,,5.29,1.61,2,SI1,SI1,204,GH,SI1,PLAT/18K,6.5,"""Palas""Ring",50000.00,100000.00,2.60,8.00,rjf529e.jpg,Emerald 5.29ct. Rd. Dia 204/1.35ct. Fancy Dia 2/0.26ct. Plat/ 18Y
EA3338,RG,,,,0,,0.00,0.00,0,,,0,,,PLAT/SILVER,6.5,,13550.00,27100.00,0.00,0.00,,DIA 19/5.42 HI/VS
EA5044,RG,,,,0,,0.00,0.00,0,,,0,,,PLAT/SILVER,6.5,,23000.00,46000.00,0.00,0.00,,DIA 15/7.35 HI/VS
EC334037,RG,,,,0,,0.00,0.00,0,,,0,,,PLAT/SILVER,6.5,,14000.00,28000.00,0.00,0.00,,DIA 18/5.60 GH.SI
EA3338-6,RG,,,,0,,0.00,0.00,0,,,0,,,PLTN,6.5,,13000.00,26000.00,0.00,0.00,,DIA 18/5.13 G.VS
RSE701,RG,Ruby,Emerald Cut,Red,1,8.7x5.5,2.34,0.72,2,SI1,,0,,,PLTN,6.5,"""Nemesis"" Ring",12500.00,25000.00,2.80,2.50,RSE70.JPG,Plat Three Stone Ring 2.34ct Emerald Cut Ruby D.72
RV626V,RG,Sapphire,Oval,Blue,1,,6.26,1.60,0,,SI1,2,GH,SI1,PLTN,6.5,"""Casablanca"" Ring",24500.00,49000.00,1.91,2.20,,Plat Three Stone Ring 6.26ct Oval Blue Sapphire D1.60
RVC577S,RG,Sapphire,EC,Blue,1,,5.77,0.00,0,,,0,,,PLTN,6.5,,25000.00,50000.00,0.00,0.00,rvc577s.jpg,SAPP 5.77ct. TRP 0.85ct. D.1.15 PLAT
RBD210S,RG,Sapphire,EC,Blue,3,,2.10,1.01,0,,SI1,2,GH,SI1,PLTN,6.5,,7000.00,14000.00,0.00,0.00,rbd210s.jpg,Sapphire 3/2.10ct. Dia 2/1.01ct. PLAT
ED253832PB,RG,Paraiba,Round,White,40,,0.30,4.84,0,SI1,SI1,20,GH,SI1,PLTN,6.5,,10750.00,21500.00,0.00,0.00,ED253832PB.jpg,RAD 20/4.84.PAR 40/.30 GH VS
RHM376S,RG,Sapphire,Cushion,Blue,1,,3.76,0.46,0,SI1,SI1,2,GH,SI1,PLTN,6.5,"""Lima"" Ring",8350.00,16700.00,1.90,3.00,RHM376S.jpg,Plat Three Stone Ring 3.76ct Cushion Blue Sapphire F.46
RHF370S,RG,Sapphire,Oval,Blue,1,,3.70,0.70,2,SI1,SI1,46,GH,SI1,PLTN,6.5,"""Talca"" Ring",8000.00,16000.00,2.40,3.80,RHF370S.jpg,Plat Three Stone Halo Ring 3.70ct Oval Blue Sapphire F.40 RD.30
RHM454S,RG,Sapphire,Cushion,Blue,1,10.2x8.6,4.54,0.90,2,SI1,SI1,0,GH,SI1,PLTN,6.5,"""Kassiopeia"" Ring",18750.00,37500.00,1.60,2.80,RHM454S.jpg,Plat Three Stone Ring 4.54ct Cushion Blue Sapphire HM.90
RPE844S,RG,Sapphire,Cushion,Blue,1,,8.44,2.17,0,,SI1,2,GH,SI1,PLTN,,,47500.00,95000.00,3.00,3.00,rpe844s.jpg,SAPPHIRE 8.44CT. EM DIA 2.17CT. PLAT
RHF574,RG,Sapphire,Cushion,Blue,1,12.2x8.8,5.74,1.25,2,SI1,SI1,42,GH,SI1,PLTN,6.5,"""Gaia"" Ring",22500.00,45000.00,2.20,3.20,RHF574.jpg,Plat Three Stone Halo Ring 5.74ct Cushion Blue Sapphire F.77 RD.48
RHF695,RG,Sapphire,Oval,Blue,1,12.2x9.4,6.95,1.25,2,SI1,SI1,54,GH,SI1,PLTN,6.5,"""Hekate"" Ring",23750.00,47500.00,1.80,2.40,RHF695.jpg,Plat Three Stone Halo Ring 6.95ct Oval Blue Sapphire F.79 RD.46
RHF902,RG,Sapphire,Cushion,Blue,1,12.7x10.7,9.02,1.58,2,SI1,SI1,54,GH,SI1,PLTN,6.5,"""Hestia"" Ring",23750.00,47500.00,1.80,2.90,RHF902.jpg,Plat Three Stone Halo Ring 9.02ct Cushion Blue Sapphire F.75 RD.83
RT1125S,RG,Sapphire,EC,Blue,1,,11.25,1.53,0,,SI1,2,GH,SI1,PLTN,6.5,,40000.00,80000.00,0.00,0.00,RT1125S.jpg,SAPPHIRE 11.25CT. TR DIA. 2/1.53CT.PLTN
RTF647,RG,Sapphire,Emerald Cut,Blue,0,10.5x8.6,6.47,1.09,2,SI1,SI1,52,GH,SI1,PLTN,6.5,"""Oinone"" Ring",30000.00,60000.00,2.80,1.80,RTF647.JPG,Plat Three Stone Halo Ring 6.47ct Emerald Cut Blue Natural Sapphire TRP.64 RD.45
RHF623S,RG,Sapphire,Oval,Blue,1,,6.23,1.21,2,SI1,SI1,0,GH,SI1,PLTN,6.5,,14000.00,28000.00,0.00,0.00,RHF623S.jpg,Plat Three Stone Halo Ring 6.23ct Oval Blue Natural Sapphire HM.76 RD.45
RHF508R,RG,Ruby,Cushion,Red,1,,5.08,1.49,2,SI1,SI1,50,GH,SI1,PLTN,6.5,"""Marla"" Ring",39300.00,78600.00,3.00,3.40,RHF508R.jpg,Plat Three Stone Halo Ring 5.08ct Cushion Ruby HM.94 RD.55
RHM519,RG,Ruby,Oval,Red,1,11.9x9.8,5.19,1.01,2,SI1,SI1,0,GH,SI1,PLTN,6.5,"""Kirke"" Ring",71500.00,143000.00,1.80,3.30,RHM519_.jpg,Plat Three Stone Ring 5.19ct Oval Ruby D.1.01
